{
  "users": [
    {
      "name": "Bucky",
      "phone": "333-444-555",
      "email": "Bucky@qq.com",
      "id": 2,
      "age": "20",
      "companyId": "2"
    },
    {
      "name": "Emily",
      "phone": "333-444-555",
      "email": "Emily@qq.com",
      "id": 3,
      "age": "22",
      "companyId": "3"
    },
    {
      "name": "Elyse",
      "phone": "333-444-555",
      "email": "Elyse@qq.com",
      "id": 4,
      "age": "21",
      "companyId": "3"
    },
    {
      "name": "Elyse",
      "phone": "333-444-555",
      "email": "Elyse@qq.com",
      "id": 5,
      "age": "21",
      "companyId": "3"
    },
    {
      "name": "wang",
      "age": "16",
      "phone": "12341412",
      "email": "qwe@qq.com",
      "profile": "asd",
      "id": 7
    }
  ],
  "companies": [
    {
      "id": "1",
      "name": "Apple",
      "description": "Apple is good!"
    },
    {
      "id": "2",
      "name": "Microsoft",
      "description": "Microsoft is good!"
    },
    {
      "id": "3",
      "name": "Google",
      "description": "Google is good!"
    }
  ]
}